,0
0,DispredProba
1,DispredPred
2,Terminal_posneg
3,DispredPred-7
4,DispredPred-6
5,DispredPred-5
6,DispredPred-4
7,DispredPred-3
8,DispredPred-2
9,DispredPred-1
10,DispredPred+1
11,DispredPred+2
12,DispredPred+3
13,DispredPred+4
14,DispredPred+5
15,DispredPred+6
16,DispredPred+7
17,DispredProba-7
18,DispredProba-6
19,DispredProba-5
20,DispredProba-4
21,DispredProba-3
22,DispredProba-2
23,DispredProba-1
24,DispredProba+1
25,DispredProba+2
26,DispredProba+3
27,DispredProba+4
28,DispredProba+5
29,DispredProba+6
30,DispredProba+7
31,ESM2650_1
32,ESM2650_2
33,ESM2650_3
34,ESM2650_4
35,ESM2650_5
36,ESM2650_6
37,ESM2650_7
38,ESM2650_8
39,ESM2650_9
40,ESM2650_10
41,ESM2650_11
42,ESM2650_12
43,ESM2650_13
44,ESM2650_14
45,ESM2650_15
46,ESM2650_16
47,ESM2650_17
48,ESM2650_18
49,ESM2650_19
50,ESM2650_20
51,ESM2650_21
52,ESM2650_22
53,ESM2650_23
54,ESM2650_24
55,ESM2650_25
56,ESM2650_26
57,ESM2650_27
58,ESM2650_28
59,ESM2650_29
60,ESM2650_30
61,ESM2650_31
62,ESM2650_32
63,ESM2650_33
64,ESM2650_34
65,ESM2650_35
66,ESM2650_36
67,ESM2650_37
68,ESM2650_38
69,ESM2650_39
70,ESM2650_40
71,ESM2650_41
72,ESM2650_42
73,ESM2650_43
74,ESM2650_44
75,ESM2650_45
76,ESM2650_46
77,ESM2650_47
78,ESM2650_48
79,ESM2650_49
80,ESM2650_50
81,ESM2650_51
82,ESM2650_52
83,ESM2650_53
84,ESM2650_54
85,ESM2650_55
86,ESM2650_56
87,ESM2650_57
88,ESM2650_58
89,ESM2650_59
90,ESM2650_60
91,ESM2650_61
92,ESM2650_62
93,ESM2650_63
94,ESM2650_64
95,ESM2650_65
96,ESM2650_66
97,ESM2650_67
98,ESM2650_68
99,ESM2650_69
100,ESM2650_70
101,ESM2650_71
102,ESM2650_72
103,ESM2650_73
104,ESM2650_74
105,ESM2650_75
106,ESM2650_76
107,ESM2650_77
108,ESM2650_78
109,ESM2650_79
110,ESM2650_80
111,ESM2650_81
112,ESM2650_82
113,ESM2650_83
114,ESM2650_84
115,ESM2650_85
116,ESM2650_86
117,ESM2650_87
118,ESM2650_88
119,ESM2650_89
120,ESM2650_90
121,ESM2650_91
122,ESM2650_92
123,ESM2650_93
124,ESM2650_94
125,ESM2650_95
126,ESM2650_96
127,ESM2650_97
128,ESM2650_98
129,ESM2650_99
130,ESM2650_100
131,ESM2650_101
132,ESM2650_102
133,ESM2650_103
134,ESM2650_104
135,ESM2650_105
136,ESM2650_106
137,ESM2650_107
138,ESM2650_108
139,ESM2650_109
140,ESM2650_110
141,ESM2650_111
142,ESM2650_112
143,ESM2650_113
144,ESM2650_114
145,ESM2650_115
146,ESM2650_116
147,ESM2650_117
148,ESM2650_118
149,ESM2650_119
150,ESM2650_120
151,ESM2650_121
152,ESM2650_122
153,ESM2650_123
154,ESM2650_124
155,ESM2650_125
156,ESM2650_126
157,ESM2650_127
158,ESM2650_128
159,ESM2650_129
160,ESM2650_130
161,ESM2650_131
162,ESM2650_132
163,ESM2650_133
164,ESM2650_134
165,ESM2650_135
166,ESM2650_136
167,ESM2650_137
168,ESM2650_138
169,ESM2650_139
170,ESM2650_140
171,ESM2650_141
172,ESM2650_142
173,ESM2650_143
174,ESM2650_144
175,ESM2650_145
176,ESM2650_146
177,ESM2650_147
178,ESM2650_148
179,ESM2650_149
180,ESM2650_150
181,ESM2650_151
182,ESM2650_152
183,ESM2650_153
184,ESM2650_154
185,ESM2650_155
186,ESM2650_156
187,ESM2650_157
188,ESM2650_158
189,ESM2650_159
190,ESM2650_160
191,ESM2650_161
192,ESM2650_162
193,ESM2650_163
194,ESM2650_164
195,ESM2650_165
196,ESM2650_166
197,ESM2650_167
198,ESM2650_168
199,ESM2650_169
200,ESM2650_170
201,ESM2650_171
202,ESM2650_172
203,ESM2650_173
204,ESM2650_174
205,ESM2650_175
206,ESM2650_176
207,ESM2650_177
208,ESM2650_178
209,ESM2650_179
210,ESM2650_180
211,ESM2650_181
212,ESM2650_182
213,ESM2650_183
214,ESM2650_184
215,ESM2650_185
216,ESM2650_186
217,ESM2650_187
218,ESM2650_188
219,ESM2650_189
220,ESM2650_190
221,ESM2650_191
222,ESM2650_192
223,ESM2650_193
224,ESM2650_194
225,ESM2650_195
226,ESM2650_196
227,ESM2650_197
228,ESM2650_198
229,ESM2650_199
230,ESM2650_200
231,ESM2650_201
232,ESM2650_202
233,ESM2650_203
234,ESM2650_204
235,ESM2650_205
236,ESM2650_206
237,ESM2650_207
238,ESM2650_208
239,ESM2650_209
240,ESM2650_210
241,ESM2650_211
242,ESM2650_212
243,ESM2650_213
244,ESM2650_214
245,ESM2650_215
246,ESM2650_216
247,ESM2650_217
248,ESM2650_218
249,ESM2650_219
250,ESM2650_220
251,ESM2650_221
252,ESM2650_222
253,ESM2650_223
254,ESM2650_224
255,ESM2650_225
256,ESM2650_226
257,ESM2650_227
258,ESM2650_228
259,ESM2650_229
260,ESM2650_230
261,ESM2650_231
262,ESM2650_232
263,ESM2650_233
264,ESM2650_234
265,ESM2650_235
266,ESM2650_236
267,ESM2650_237
268,ESM2650_238
269,ESM2650_239
270,ESM2650_240
271,ESM2650_241
272,ESM2650_242
273,ESM2650_243
274,ESM2650_244
275,ESM2650_245
276,ESM2650_246
277,ESM2650_247
278,ESM2650_248
279,ESM2650_249
280,ESM2650_250
281,ESM2650_251
282,ESM2650_252
283,ESM2650_253
284,ESM2650_254
285,ESM2650_255
286,ESM2650_256
287,ESM2650_257
288,ESM2650_258
289,ESM2650_259
290,ESM2650_260
291,ESM2650_261
292,ESM2650_262
293,ESM2650_263
294,ESM2650_264
295,ESM2650_265
296,ESM2650_266
297,ESM2650_267
298,ESM2650_268
299,ESM2650_269
300,ESM2650_270
301,ESM2650_271
302,ESM2650_272
303,ESM2650_273
304,ESM2650_274
305,ESM2650_275
306,ESM2650_276
307,ESM2650_277
308,ESM2650_278
309,ESM2650_279
310,ESM2650_280
311,ESM2650_281
312,ESM2650_282
313,ESM2650_283
314,ESM2650_284
315,ESM2650_285
316,ESM2650_286
317,ESM2650_287
318,ESM2650_288
319,ESM2650_289
320,ESM2650_290
321,ESM2650_291
322,ESM2650_292
323,ESM2650_293
324,ESM2650_294
325,ESM2650_295
326,ESM2650_296
327,ESM2650_297
328,ESM2650_298
329,ESM2650_299
330,ESM2650_300
331,ESM2650_301
332,ESM2650_302
333,ESM2650_303
334,ESM2650_304
335,ESM2650_305
336,ESM2650_306
337,ESM2650_307
338,ESM2650_308
339,ESM2650_309
340,ESM2650_310
341,ESM2650_311
342,ESM2650_312
343,ESM2650_313
344,ESM2650_314
345,ESM2650_315
346,ESM2650_316
347,ESM2650_317
348,ESM2650_318
349,ESM2650_319
350,ESM2650_320
351,ESM2650_321
352,ESM2650_322
353,ESM2650_323
354,ESM2650_324
355,ESM2650_325
356,ESM2650_326
357,ESM2650_327
358,ESM2650_328
359,ESM2650_329
360,ESM2650_330
361,ESM2650_331
362,ESM2650_332
363,ESM2650_333
364,ESM2650_334
365,ESM2650_335
366,ESM2650_336
367,ESM2650_337
368,ESM2650_338
369,ESM2650_339
370,ESM2650_340
371,ESM2650_341
372,ESM2650_342
373,ESM2650_343
374,ESM2650_344
375,ESM2650_345
376,ESM2650_346
377,ESM2650_347
378,ESM2650_348
379,ESM2650_349
380,ESM2650_350
381,ESM2650_351
382,ESM2650_352
383,ESM2650_353
384,ESM2650_354
385,ESM2650_355
386,ESM2650_356
387,ESM2650_357
388,ESM2650_358
389,ESM2650_359
390,ESM2650_360
391,ESM2650_361
392,ESM2650_362
393,ESM2650_363
394,ESM2650_364
395,ESM2650_365
396,ESM2650_366
397,ESM2650_367
398,ESM2650_368
399,ESM2650_369
400,ESM2650_370
401,ESM2650_371
402,ESM2650_372
403,ESM2650_373
404,ESM2650_374
405,ESM2650_375
406,ESM2650_376
407,ESM2650_377
408,ESM2650_378
409,ESM2650_379
410,ESM2650_380
411,ESM2650_381
412,ESM2650_382
413,ESM2650_383
414,ESM2650_384
415,ESM2650_385
416,ESM2650_386
417,ESM2650_387
418,ESM2650_388
419,ESM2650_389
420,ESM2650_390
421,ESM2650_391
422,ESM2650_392
423,ESM2650_393
424,ESM2650_394
425,ESM2650_395
426,ESM2650_396
427,ESM2650_397
428,ESM2650_398
429,ESM2650_399
430,ESM2650_400
431,ESM2650_401
432,ESM2650_402
433,ESM2650_403
434,ESM2650_404
435,ESM2650_405
436,ESM2650_406
437,ESM2650_407
438,ESM2650_408
439,ESM2650_409
440,ESM2650_410
441,ESM2650_411
442,ESM2650_412
443,ESM2650_413
444,ESM2650_414
445,ESM2650_415
446,ESM2650_416
447,ESM2650_417
448,ESM2650_418
449,ESM2650_419
450,ESM2650_420
451,ESM2650_421
452,ESM2650_422
453,ESM2650_423
454,ESM2650_424
455,ESM2650_425
456,ESM2650_426
457,ESM2650_427
458,ESM2650_428
459,ESM2650_429
460,ESM2650_430
461,ESM2650_431
462,ESM2650_432
463,ESM2650_433
464,ESM2650_434
465,ESM2650_435
466,ESM2650_436
467,ESM2650_437
468,ESM2650_438
469,ESM2650_439
470,ESM2650_440
471,ESM2650_441
472,ESM2650_442
473,ESM2650_443
474,ESM2650_444
475,ESM2650_445
476,ESM2650_446
477,ESM2650_447
478,ESM2650_448
479,ESM2650_449
480,ESM2650_450
481,ESM2650_451
482,ESM2650_452
483,ESM2650_453
484,ESM2650_454
485,ESM2650_455
486,ESM2650_456
487,ESM2650_457
488,ESM2650_458
489,ESM2650_459
490,ESM2650_460
491,ESM2650_461
492,ESM2650_462
493,ESM2650_463
494,ESM2650_464
495,ESM2650_465
496,ESM2650_466
497,ESM2650_467
498,ESM2650_468
499,ESM2650_469
500,ESM2650_470
501,ESM2650_471
502,ESM2650_472
503,ESM2650_473
504,ESM2650_474
505,ESM2650_475
506,ESM2650_476
507,ESM2650_477
508,ESM2650_478
509,ESM2650_479
510,ESM2650_480
511,ESM2650_481
512,ESM2650_482
513,ESM2650_483
514,ESM2650_484
515,ESM2650_485
516,ESM2650_486
517,ESM2650_487
518,ESM2650_488
519,ESM2650_489
520,ESM2650_490
521,ESM2650_491
522,ESM2650_492
523,ESM2650_493
524,ESM2650_494
525,ESM2650_495
526,ESM2650_496
527,ESM2650_497
528,ESM2650_498
529,ESM2650_499
530,ESM2650_500
531,ESM2650_501
532,ESM2650_502
533,ESM2650_503
534,ESM2650_504
535,ESM2650_505
536,ESM2650_506
537,ESM2650_507
538,ESM2650_508
539,ESM2650_509
540,ESM2650_510
541,ESM2650_511
542,ESM2650_512
543,ESM2650_513
544,ESM2650_514
545,ESM2650_515
546,ESM2650_516
547,ESM2650_517
548,ESM2650_518
549,ESM2650_519
550,ESM2650_520
551,ESM2650_521
552,ESM2650_522
553,ESM2650_523
554,ESM2650_524
555,ESM2650_525
556,ESM2650_526
557,ESM2650_527
558,ESM2650_528
559,ESM2650_529
560,ESM2650_530
561,ESM2650_531
562,ESM2650_532
563,ESM2650_533
564,ESM2650_534
565,ESM2650_535
566,ESM2650_536
567,ESM2650_537
568,ESM2650_538
569,ESM2650_539
570,ESM2650_540
571,ESM2650_541
572,ESM2650_542
573,ESM2650_543
574,ESM2650_544
575,ESM2650_545
576,ESM2650_546
577,ESM2650_547
578,ESM2650_548
579,ESM2650_549
580,ESM2650_550
581,ESM2650_551
582,ESM2650_552
583,ESM2650_553
584,ESM2650_554
585,ESM2650_555
586,ESM2650_556
587,ESM2650_557
588,ESM2650_558
589,ESM2650_559
590,ESM2650_560
591,ESM2650_561
592,ESM2650_562
593,ESM2650_563
594,ESM2650_564
595,ESM2650_565
596,ESM2650_566
597,ESM2650_567
598,ESM2650_568
599,ESM2650_569
600,ESM2650_570
601,ESM2650_571
602,ESM2650_572
603,ESM2650_573
604,ESM2650_574
605,ESM2650_575
606,ESM2650_576
607,ESM2650_577
608,ESM2650_578
609,ESM2650_579
610,ESM2650_580
611,ESM2650_581
612,ESM2650_582
613,ESM2650_583
614,ESM2650_584
615,ESM2650_585
616,ESM2650_586
617,ESM2650_587
618,ESM2650_588
619,ESM2650_589
620,ESM2650_590
621,ESM2650_591
622,ESM2650_592
623,ESM2650_593
624,ESM2650_594
625,ESM2650_595
626,ESM2650_596
627,ESM2650_597
628,ESM2650_598
629,ESM2650_599
630,ESM2650_600
631,ESM2650_601
632,ESM2650_602
633,ESM2650_603
634,ESM2650_604
635,ESM2650_605
636,ESM2650_606
637,ESM2650_607
638,ESM2650_608
639,ESM2650_609
640,ESM2650_610
641,ESM2650_611
642,ESM2650_612
643,ESM2650_613
644,ESM2650_614
645,ESM2650_615
646,ESM2650_616
647,ESM2650_617
648,ESM2650_618
649,ESM2650_619
650,ESM2650_620
651,ESM2650_621
652,ESM2650_622
653,ESM2650_623
654,ESM2650_624
655,ESM2650_625
656,ESM2650_626
657,ESM2650_627
658,ESM2650_628
659,ESM2650_629
660,ESM2650_630
661,ESM2650_631
662,ESM2650_632
663,ESM2650_633
664,ESM2650_634
665,ESM2650_635
666,ESM2650_636
667,ESM2650_637
668,ESM2650_638
669,ESM2650_639
670,ESM2650_640
671,ESM2650_641
672,ESM2650_642
673,ESM2650_643
674,ESM2650_644
675,ESM2650_645
676,ESM2650_646
677,ESM2650_647
678,ESM2650_648
679,ESM2650_649
680,ESM2650_650
681,ESM2650_651
682,ESM2650_652
683,ESM2650_653
684,ESM2650_654
685,ESM2650_655
686,ESM2650_656
687,ESM2650_657
688,ESM2650_658
689,ESM2650_659
690,ESM2650_660
691,ESM2650_661
692,ESM2650_662
693,ESM2650_663
694,ESM2650_664
695,ESM2650_665
696,ESM2650_666
697,ESM2650_667
698,ESM2650_668
699,ESM2650_669
700,ESM2650_670
701,ESM2650_671
702,ESM2650_672
703,ESM2650_673
704,ESM2650_674
705,ESM2650_675
706,ESM2650_676
707,ESM2650_677
708,ESM2650_678
709,ESM2650_679
710,ESM2650_680
711,ESM2650_681
712,ESM2650_682
713,ESM2650_683
714,ESM2650_684
715,ESM2650_685
716,ESM2650_686
717,ESM2650_687
718,ESM2650_688
719,ESM2650_689
720,ESM2650_690
721,ESM2650_691
722,ESM2650_692
723,ESM2650_693
724,ESM2650_694
725,ESM2650_695
726,ESM2650_696
727,ESM2650_697
728,ESM2650_698
729,ESM2650_699
730,ESM2650_700
731,ESM2650_701
732,ESM2650_702
733,ESM2650_703
734,ESM2650_704
735,ESM2650_705
736,ESM2650_706
737,ESM2650_707
738,ESM2650_708
739,ESM2650_709
740,ESM2650_710
741,ESM2650_711
742,ESM2650_712
743,ESM2650_713
744,ESM2650_714
745,ESM2650_715
746,ESM2650_716
747,ESM2650_717
748,ESM2650_718
749,ESM2650_719
750,ESM2650_720
751,ESM2650_721
752,ESM2650_722
753,ESM2650_723
754,ESM2650_724
755,ESM2650_725
756,ESM2650_726
757,ESM2650_727
758,ESM2650_728
759,ESM2650_729
760,ESM2650_730
761,ESM2650_731
762,ESM2650_732
763,ESM2650_733
764,ESM2650_734
765,ESM2650_735
766,ESM2650_736
767,ESM2650_737
768,ESM2650_738
769,ESM2650_739
770,ESM2650_740
771,ESM2650_741
772,ESM2650_742
773,ESM2650_743
774,ESM2650_744
775,ESM2650_745
776,ESM2650_746
777,ESM2650_747
778,ESM2650_748
779,ESM2650_749
780,ESM2650_750
781,ESM2650_751
782,ESM2650_752
783,ESM2650_753
784,ESM2650_754
785,ESM2650_755
786,ESM2650_756
787,ESM2650_757
788,ESM2650_758
789,ESM2650_759
790,ESM2650_760
791,ESM2650_761
792,ESM2650_762
793,ESM2650_763
794,ESM2650_764
795,ESM2650_765
796,ESM2650_766
797,ESM2650_767
798,ESM2650_768
799,ESM2650_769
800,ESM2650_770
801,ESM2650_771
802,ESM2650_772
803,ESM2650_773
804,ESM2650_774
805,ESM2650_775
806,ESM2650_776
807,ESM2650_777
808,ESM2650_778
809,ESM2650_779
810,ESM2650_780
811,ESM2650_781
812,ESM2650_782
813,ESM2650_783
814,ESM2650_784
815,ESM2650_785
816,ESM2650_786
817,ESM2650_787
818,ESM2650_788
819,ESM2650_789
820,ESM2650_790
821,ESM2650_791
822,ESM2650_792
823,ESM2650_793
824,ESM2650_794
825,ESM2650_795
826,ESM2650_796
827,ESM2650_797
828,ESM2650_798
829,ESM2650_799
830,ESM2650_800
831,ESM2650_801
832,ESM2650_802
833,ESM2650_803
834,ESM2650_804
835,ESM2650_805
836,ESM2650_806
837,ESM2650_807
838,ESM2650_808
839,ESM2650_809
840,ESM2650_810
841,ESM2650_811
842,ESM2650_812
843,ESM2650_813
844,ESM2650_814
845,ESM2650_815
846,ESM2650_816
847,ESM2650_817
848,ESM2650_818
849,ESM2650_819
850,ESM2650_820
851,ESM2650_821
852,ESM2650_822
853,ESM2650_823
854,ESM2650_824
855,ESM2650_825
856,ESM2650_826
857,ESM2650_827
858,ESM2650_828
859,ESM2650_829
860,ESM2650_830
861,ESM2650_831
862,ESM2650_832
863,ESM2650_833
864,ESM2650_834
865,ESM2650_835
866,ESM2650_836
867,ESM2650_837
868,ESM2650_838
869,ESM2650_839
870,ESM2650_840
871,ESM2650_841
872,ESM2650_842
873,ESM2650_843
874,ESM2650_844
875,ESM2650_845
876,ESM2650_846
877,ESM2650_847
878,ESM2650_848
879,ESM2650_849
880,ESM2650_850
881,ESM2650_851
882,ESM2650_852
883,ESM2650_853
884,ESM2650_854
885,ESM2650_855
886,ESM2650_856
887,ESM2650_857
888,ESM2650_858
889,ESM2650_859
890,ESM2650_860
891,ESM2650_861
892,ESM2650_862
893,ESM2650_863
894,ESM2650_864
895,ESM2650_865
896,ESM2650_866
897,ESM2650_867
898,ESM2650_868
899,ESM2650_869
900,ESM2650_870
901,ESM2650_871
902,ESM2650_872
903,ESM2650_873
904,ESM2650_874
905,ESM2650_875
906,ESM2650_876
907,ESM2650_877
908,ESM2650_878
909,ESM2650_879
910,ESM2650_880
911,ESM2650_881
912,ESM2650_882
913,ESM2650_883
914,ESM2650_884
915,ESM2650_885
916,ESM2650_886
917,ESM2650_887
918,ESM2650_888
919,ESM2650_889
920,ESM2650_890
921,ESM2650_891
922,ESM2650_892
923,ESM2650_893
924,ESM2650_894
925,ESM2650_895
926,ESM2650_896
927,ESM2650_897
928,ESM2650_898
929,ESM2650_899
930,ESM2650_900
931,ESM2650_901
932,ESM2650_902
933,ESM2650_903
934,ESM2650_904
935,ESM2650_905
936,ESM2650_906
937,ESM2650_907
938,ESM2650_908
939,ESM2650_909
940,ESM2650_910
941,ESM2650_911
942,ESM2650_912
943,ESM2650_913
944,ESM2650_914
945,ESM2650_915
946,ESM2650_916
947,ESM2650_917
948,ESM2650_918
949,ESM2650_919
950,ESM2650_920
951,ESM2650_921
952,ESM2650_922
953,ESM2650_923
954,ESM2650_924
955,ESM2650_925
956,ESM2650_926
957,ESM2650_927
958,ESM2650_928
959,ESM2650_929
960,ESM2650_930
961,ESM2650_931
962,ESM2650_932
963,ESM2650_933
964,ESM2650_934
965,ESM2650_935
966,ESM2650_936
967,ESM2650_937
968,ESM2650_938
969,ESM2650_939
970,ESM2650_940
971,ESM2650_941
972,ESM2650_942
973,ESM2650_943
974,ESM2650_944
975,ESM2650_945
976,ESM2650_946
977,ESM2650_947
978,ESM2650_948
979,ESM2650_949
980,ESM2650_950
981,ESM2650_951
982,ESM2650_952
983,ESM2650_953
984,ESM2650_954
985,ESM2650_955
986,ESM2650_956
987,ESM2650_957
988,ESM2650_958
989,ESM2650_959
990,ESM2650_960
991,ESM2650_961
992,ESM2650_962
993,ESM2650_963
994,ESM2650_964
995,ESM2650_965
996,ESM2650_966
997,ESM2650_967
998,ESM2650_968
999,ESM2650_969
1000,ESM2650_970
1001,ESM2650_971
1002,ESM2650_972
1003,ESM2650_973
1004,ESM2650_974
1005,ESM2650_975
1006,ESM2650_976
1007,ESM2650_977
1008,ESM2650_978
1009,ESM2650_979
1010,ESM2650_980
1011,ESM2650_981
1012,ESM2650_982
1013,ESM2650_983
1014,ESM2650_984
1015,ESM2650_985
1016,ESM2650_986
1017,ESM2650_987
1018,ESM2650_988
1019,ESM2650_989
1020,ESM2650_990
1021,ESM2650_991
1022,ESM2650_992
1023,ESM2650_993
1024,ESM2650_994
1025,ESM2650_995
1026,ESM2650_996
1027,ESM2650_997
1028,ESM2650_998
1029,ESM2650_999
1030,ESM2650_1000
1031,ESM2650_1001
1032,ESM2650_1002
1033,ESM2650_1003
1034,ESM2650_1004
1035,ESM2650_1005
1036,ESM2650_1006
1037,ESM2650_1007
1038,ESM2650_1008
1039,ESM2650_1009
1040,ESM2650_1010
1041,ESM2650_1011
1042,ESM2650_1012
1043,ESM2650_1013
1044,ESM2650_1014
1045,ESM2650_1015
1046,ESM2650_1016
1047,ESM2650_1017
1048,ESM2650_1018
1049,ESM2650_1019
1050,ESM2650_1020
1051,ESM2650_1021
1052,ESM2650_1022
1053,ESM2650_1023
1054,ESM2650_1024
1055,ESM2650_1025
1056,ESM2650_1026
1057,ESM2650_1027
1058,ESM2650_1028
1059,ESM2650_1029
1060,ESM2650_1030
1061,ESM2650_1031
1062,ESM2650_1032
1063,ESM2650_1033
1064,ESM2650_1034
1065,ESM2650_1035
1066,ESM2650_1036
1067,ESM2650_1037
1068,ESM2650_1038
1069,ESM2650_1039
1070,ESM2650_1040
1071,ESM2650_1041
1072,ESM2650_1042
1073,ESM2650_1043
1074,ESM2650_1044
1075,ESM2650_1045
1076,ESM2650_1046
1077,ESM2650_1047
1078,ESM2650_1048
1079,ESM2650_1049
1080,ESM2650_1050
1081,ESM2650_1051
1082,ESM2650_1052
1083,ESM2650_1053
1084,ESM2650_1054
1085,ESM2650_1055
1086,ESM2650_1056
1087,ESM2650_1057
1088,ESM2650_1058
1089,ESM2650_1059
1090,ESM2650_1060
1091,ESM2650_1061
1092,ESM2650_1062
1093,ESM2650_1063
1094,ESM2650_1064
1095,ESM2650_1065
1096,ESM2650_1066
1097,ESM2650_1067
1098,ESM2650_1068
1099,ESM2650_1069
1100,ESM2650_1070
1101,ESM2650_1071
1102,ESM2650_1072
1103,ESM2650_1073
1104,ESM2650_1074
1105,ESM2650_1075
1106,ESM2650_1076
1107,ESM2650_1077
1108,ESM2650_1078
1109,ESM2650_1079
1110,ESM2650_1080
1111,ESM2650_1081
1112,ESM2650_1082
1113,ESM2650_1083
1114,ESM2650_1084
1115,ESM2650_1085
1116,ESM2650_1086
1117,ESM2650_1087
1118,ESM2650_1088
1119,ESM2650_1089
1120,ESM2650_1090
1121,ESM2650_1091
1122,ESM2650_1092
1123,ESM2650_1093
1124,ESM2650_1094
1125,ESM2650_1095
1126,ESM2650_1096
1127,ESM2650_1097
1128,ESM2650_1098
1129,ESM2650_1099
1130,ESM2650_1100
1131,ESM2650_1101
1132,ESM2650_1102
1133,ESM2650_1103
1134,ESM2650_1104
1135,ESM2650_1105
1136,ESM2650_1106
1137,ESM2650_1107
1138,ESM2650_1108
1139,ESM2650_1109
1140,ESM2650_1110
1141,ESM2650_1111
1142,ESM2650_1112
1143,ESM2650_1113
1144,ESM2650_1114
1145,ESM2650_1115
1146,ESM2650_1116
1147,ESM2650_1117
1148,ESM2650_1118
1149,ESM2650_1119
1150,ESM2650_1120
1151,ESM2650_1121
1152,ESM2650_1122
1153,ESM2650_1123
1154,ESM2650_1124
1155,ESM2650_1125
1156,ESM2650_1126
1157,ESM2650_1127
1158,ESM2650_1128
1159,ESM2650_1129
1160,ESM2650_1130
1161,ESM2650_1131
1162,ESM2650_1132
1163,ESM2650_1133
1164,ESM2650_1134
1165,ESM2650_1135
1166,ESM2650_1136
1167,ESM2650_1137
1168,ESM2650_1138
1169,ESM2650_1139
1170,ESM2650_1140
1171,ESM2650_1141
1172,ESM2650_1142
1173,ESM2650_1143
1174,ESM2650_1144
1175,ESM2650_1145
1176,ESM2650_1146
1177,ESM2650_1147
1178,ESM2650_1148
1179,ESM2650_1149
1180,ESM2650_1150
1181,ESM2650_1151
1182,ESM2650_1152
1183,ESM2650_1153
1184,ESM2650_1154
1185,ESM2650_1155
1186,ESM2650_1156
1187,ESM2650_1157
1188,ESM2650_1158
1189,ESM2650_1159
1190,ESM2650_1160
1191,ESM2650_1161
1192,ESM2650_1162
1193,ESM2650_1163
1194,ESM2650_1164
1195,ESM2650_1165
1196,ESM2650_1166
1197,ESM2650_1167
1198,ESM2650_1168
1199,ESM2650_1169
1200,ESM2650_1170
1201,ESM2650_1171
1202,ESM2650_1172
1203,ESM2650_1173
1204,ESM2650_1174
1205,ESM2650_1175
1206,ESM2650_1176
1207,ESM2650_1177
1208,ESM2650_1178
1209,ESM2650_1179
1210,ESM2650_1180
1211,ESM2650_1181
1212,ESM2650_1182
1213,ESM2650_1183
1214,ESM2650_1184
1215,ESM2650_1185
1216,ESM2650_1186
1217,ESM2650_1187
1218,ESM2650_1188
1219,ESM2650_1189
1220,ESM2650_1190
1221,ESM2650_1191
1222,ESM2650_1192
1223,ESM2650_1193
1224,ESM2650_1194
1225,ESM2650_1195
1226,ESM2650_1196
1227,ESM2650_1197
1228,ESM2650_1198
1229,ESM2650_1199
1230,ESM2650_1200
1231,ESM2650_1201
1232,ESM2650_1202
1233,ESM2650_1203
1234,ESM2650_1204
1235,ESM2650_1205
1236,ESM2650_1206
1237,ESM2650_1207
1238,ESM2650_1208
1239,ESM2650_1209
1240,ESM2650_1210
1241,ESM2650_1211
1242,ESM2650_1212
1243,ESM2650_1213
1244,ESM2650_1214
1245,ESM2650_1215
1246,ESM2650_1216
1247,ESM2650_1217
1248,ESM2650_1218
1249,ESM2650_1219
1250,ESM2650_1220
1251,ESM2650_1221
1252,ESM2650_1222
1253,ESM2650_1223
1254,ESM2650_1224
1255,ESM2650_1225
1256,ESM2650_1226
1257,ESM2650_1227
1258,ESM2650_1228
1259,ESM2650_1229
1260,ESM2650_1230
1261,ESM2650_1231
1262,ESM2650_1232
1263,ESM2650_1233
1264,ESM2650_1234
1265,ESM2650_1235
1266,ESM2650_1236
1267,ESM2650_1237
1268,ESM2650_1238
1269,ESM2650_1239
1270,ESM2650_1240
1271,ESM2650_1241
1272,ESM2650_1242
1273,ESM2650_1243
1274,ESM2650_1244
1275,ESM2650_1245
1276,ESM2650_1246
1277,ESM2650_1247
1278,ESM2650_1248
1279,ESM2650_1249
1280,ESM2650_1250
1281,ESM2650_1251
1282,ESM2650_1252
1283,ESM2650_1253
1284,ESM2650_1254
1285,ESM2650_1255
1286,ESM2650_1256
1287,ESM2650_1257
1288,ESM2650_1258
1289,ESM2650_1259
1290,ESM2650_1260
1291,ESM2650_1261
1292,ESM2650_1262
1293,ESM2650_1263
1294,ESM2650_1264
1295,ESM2650_1265
1296,ESM2650_1266
1297,ESM2650_1267
1298,ESM2650_1268
1299,ESM2650_1269
1300,ESM2650_1270
1301,ESM2650_1271
1302,ESM2650_1272
1303,ESM2650_1273
1304,ESM2650_1274
1305,ESM2650_1275
1306,ESM2650_1276
1307,ESM2650_1277
1308,ESM2650_1278
1309,ESM2650_1279
1310,ESM2650_1280
1311,ESM2650_mean
1312,ESM2650_std
1313,ESM2650_max
1314,ESM2650_min
1315,ESM2650_median
1316,ESM2650_skew
1317,ESM2650_kurtosis
1318,ESM2650_kurt
1319,ESM2650_var
1320,ESM2650_sem
1321,ESM2650_quantile
1322,ESM2650_mean-7
1323,ESM2650_mean-6
1324,ESM2650_mean-5
1325,ESM2650_mean-4
1326,ESM2650_mean-3
1327,ESM2650_mean-2
1328,ESM2650_mean-1
1329,ESM2650_mean+1
1330,ESM2650_mean+2
1331,ESM2650_mean+3
1332,ESM2650_mean+4
1333,ESM2650_mean+5
1334,ESM2650_mean+6
1335,ESM2650_mean+7
1336,ESM2650_std-7
1337,ESM2650_std-6
1338,ESM2650_std-5
1339,ESM2650_std-4
1340,ESM2650_std-3
1341,ESM2650_std-2
1342,ESM2650_std-1
1343,ESM2650_std+1
1344,ESM2650_std+2
1345,ESM2650_std+3
1346,ESM2650_std+4
1347,ESM2650_std+5
1348,ESM2650_std+6
1349,ESM2650_std+7
1350,ESM2650_max-7
1351,ESM2650_max-6
1352,ESM2650_max-5
1353,ESM2650_max-4
1354,ESM2650_max-3
1355,ESM2650_max-2
1356,ESM2650_max-1
1357,ESM2650_max+1
1358,ESM2650_max+2
1359,ESM2650_max+3
1360,ESM2650_max+4
1361,ESM2650_max+5
1362,ESM2650_max+6
1363,ESM2650_max+7
1364,ESM2650_min-7
1365,ESM2650_min-6
1366,ESM2650_min-5
1367,ESM2650_min-4
1368,ESM2650_min-3
1369,ESM2650_min-2
1370,ESM2650_min-1
1371,ESM2650_min+1
1372,ESM2650_min+2
1373,ESM2650_min+3
1374,ESM2650_min+4
1375,ESM2650_min+5
1376,ESM2650_min+6
1377,ESM2650_min+7
1378,ESM2650_median-7
1379,ESM2650_median-6
1380,ESM2650_median-5
1381,ESM2650_median-4
1382,ESM2650_median-3
1383,ESM2650_median-2
1384,ESM2650_median-1
1385,ESM2650_median+1
1386,ESM2650_median+2
1387,ESM2650_median+3
1388,ESM2650_median+4
1389,ESM2650_median+5
1390,ESM2650_median+6
1391,ESM2650_median+7
1392,ESM2650_skew-7
1393,ESM2650_skew-6
1394,ESM2650_skew-5
1395,ESM2650_skew-4
1396,ESM2650_skew-3
1397,ESM2650_skew-2
1398,ESM2650_skew-1
1399,ESM2650_skew+1
1400,ESM2650_skew+2
1401,ESM2650_skew+3
1402,ESM2650_skew+4
1403,ESM2650_skew+5
1404,ESM2650_skew+6
1405,ESM2650_skew+7
1406,ESM2650_kurtosis-7
1407,ESM2650_kurtosis-6
1408,ESM2650_kurtosis-5
1409,ESM2650_kurtosis-4
1410,ESM2650_kurtosis-3
1411,ESM2650_kurtosis-2
1412,ESM2650_kurtosis-1
1413,ESM2650_kurtosis+1
1414,ESM2650_kurtosis+2
1415,ESM2650_kurtosis+3
1416,ESM2650_kurtosis+4
1417,ESM2650_kurtosis+5
1418,ESM2650_kurtosis+6
1419,ESM2650_kurtosis+7
1420,ESM2650_kurt-7
1421,ESM2650_kurt-6
1422,ESM2650_kurt-5
1423,ESM2650_kurt-4
1424,ESM2650_kurt-3
1425,ESM2650_kurt-2
1426,ESM2650_kurt-1
1427,ESM2650_kurt+1
1428,ESM2650_kurt+2
1429,ESM2650_kurt+3
1430,ESM2650_kurt+4
1431,ESM2650_kurt+5
1432,ESM2650_kurt+6
1433,ESM2650_kurt+7
1434,ESM2650_var-7
1435,ESM2650_var-6
1436,ESM2650_var-5
1437,ESM2650_var-4
1438,ESM2650_var-3
1439,ESM2650_var-2
1440,ESM2650_var-1
1441,ESM2650_var+1
1442,ESM2650_var+2
1443,ESM2650_var+3
1444,ESM2650_var+4
1445,ESM2650_var+5
1446,ESM2650_var+6
1447,ESM2650_var+7
1448,ESM2650_sem-7
1449,ESM2650_sem-6
1450,ESM2650_sem-5
1451,ESM2650_sem-4
1452,ESM2650_sem-3
1453,ESM2650_sem-2
1454,ESM2650_sem-1
1455,ESM2650_sem+1
1456,ESM2650_sem+2
1457,ESM2650_sem+3
1458,ESM2650_sem+4
1459,ESM2650_sem+5
1460,ESM2650_sem+6
1461,ESM2650_sem+7
1462,ESM2650_quantile-7
1463,ESM2650_quantile-6
1464,ESM2650_quantile-5
1465,ESM2650_quantile-4
1466,ESM2650_quantile-3
1467,ESM2650_quantile-2
1468,ESM2650_quantile-1
1469,ESM2650_quantile+1
1470,ESM2650_quantile+2
1471,ESM2650_quantile+3
1472,ESM2650_quantile+4
1473,ESM2650_quantile+5
1474,ESM2650_quantile+6
1475,ESM2650_quantile+7
